start_ts,end_ts,duration_minutes,severity,class,sensor,sensor_rank,sensor_peak_score,sensor_mean_score,alert_max_score,alert_mean_score,threshold
2026-02-01 00:38:00+00:00,2026-02-01 00:57:00+00:00,20,MEDIUM,SYS_1,DESF_TA__J2_VBC,1,2.448965864236274,1.299860692850689,0.3692638857343529,0.16919521339755714,ADAPTIVE
2026-02-01 00:38:00+00:00,2026-02-01 00:57:00+00:00,20,MEDIUM,SYS_1,DESF_TA__J2_V_AVG_LL,2,2.1506304033761077,0.7623355758296602,0.3692638857343529,0.16919521339755714,ADAPTIVE
2026-02-01 00:38:00+00:00,2026-02-01 00:57:00+00:00,20,MEDIUM,SYS_1,DESF_TA__J2_VCN,3,1.8287752524875427,0.8951895526097168,0.3692638857343529,0.16919521339755714,ADAPTIVE
2026-02-01 00:38:00+00:00,2026-02-01 00:57:00+00:00,20,MEDIUM,SYS_1,DESF_TA__J2_VBN,4,1.6211721886877033,0.7650940144580582,0.3692638857343529,0.16919521339755714,ADAPTIVE
2026-02-01 00:38:00+00:00,2026-02-01 00:57:00+00:00,20,MEDIUM,SYS_1,DESF_TA__J2_V_AVG_LN,5,1.5145278800771127,0.7083622014972579,0.3692638857343529,0.16919521339755714,ADAPTIVE
2026-02-01 00:38:00+00:00,2026-02-01 00:57:00+00:00,20,MEDIUM,SYS_1,DESF_TA__J2_VCA,6,1.0912035871979977,0.5087325331623925,0.3692638857343529,0.16919521339755714,ADAPTIVE
2026-02-01 00:38:00+00:00,2026-02-01 00:57:00+00:00,20,MEDIUM,SYS_1,DESF_TA__J2_VAB,7,0.9291037264457709,0.4919844218128987,0.3692638857343529,0.16919521339755714,ADAPTIVE
2026-02-01 00:38:00+00:00,2026-02-01 00:57:00+00:00,20,MEDIUM,SYS_1,DESF_TA__J2_VAN,8,0.8126952939564133,0.3689218806478654,0.3692638857343529,0.16919521339755714,ADAPTIVE
2026-02-01 10:55:00+00:00,2026-02-01 11:00:00+00:00,6,MEDIUM,SYS_1,DESF_TA__J2_VCA,1,1.4349397381273998,0.9310702642076322,0.28651663997076265,0.161076780854466,ADAPTIVE
2026-02-01 10:55:00+00:00,2026-02-01 11:00:00+00:00,6,MEDIUM,SYS_1,DESF_TA__J2_VAN,2,1.429585684859038,0.8868185260167153,0.28651663997076265,0.161076780854466,ADAPTIVE
2026-02-01 10:55:00+00:00,2026-02-01 11:00:00+00:00,6,MEDIUM,SYS_1,DESF_TA__J2_V_AVG_LL,3,1.404612049205935,0.9360412290106584,0.28651663997076265,0.161076780854466,ADAPTIVE
2026-02-01 10:55:00+00:00,2026-02-01 11:00:00+00:00,6,MEDIUM,SYS_1,DESF_TA__J2_VCN,4,1.1853003081222593,0.66370784807331,0.28651663997076265,0.161076780854466,ADAPTIVE
2026-02-01 10:55:00+00:00,2026-02-01 11:00:00+00:00,6,MEDIUM,SYS_1,DESF_TA__J2_VAB,5,1.1360416751244933,0.6945417385587548,0.28651663997076265,0.161076780854466,ADAPTIVE
2026-02-01 10:55:00+00:00,2026-02-01 11:00:00+00:00,6,MEDIUM,SYS_1,DESF_TA__J2_V_AVG_LN,6,1.0900904920882255,0.6746032064489668,0.28651663997076265,0.161076780854466,ADAPTIVE
2026-02-01 10:55:00+00:00,2026-02-01 11:00:00+00:00,6,MEDIUM,SYS_1,DESF_TA__J2_VBC,7,0.8990668592674419,0.3478133035765652,0.28651663997076265,0.161076780854466,ADAPTIVE
2026-02-01 10:55:00+00:00,2026-02-01 11:00:00+00:00,6,MEDIUM,SYS_1,DESF_TA__J2_VBN,8,0.847877396213082,0.41490054818858346,0.28651663997076265,0.161076780854466,ADAPTIVE
2026-02-01 11:14:00+00:00,2026-02-01 11:25:00+00:00,12,MEDIUM,SYS_1,DESF_TA__J2_V_AVG_LL,1,1.9240855333450837,1.2983221238886398,0.3507393257598937,0.2525447997532417,ADAPTIVE
2026-02-01 11:14:00+00:00,2026-02-01 11:25:00+00:00,12,MEDIUM,SYS_1,DESF_TA__J2_VAB,2,1.781586506346667,1.124198245421305,0.3507393257598937,0.2525447997532417,ADAPTIVE
2026-02-01 11:14:00+00:00,2026-02-01 11:25:00+00:00,12,MEDIUM,SYS_1,DESF_TA__J2_VAN,3,1.7663406635470817,1.2378304510264917,0.3507393257598937,0.2525447997532417,ADAPTIVE
2026-02-01 11:14:00+00:00,2026-02-01 11:25:00+00:00,12,MEDIUM,SYS_1,DESF_TA__J2_VCA,4,1.6762845460215818,1.1682110076120675,0.3507393257598937,0.2525447997532417,ADAPTIVE
2026-02-01 11:14:00+00:00,2026-02-01 11:25:00+00:00,12,MEDIUM,SYS_1,DESF_TA__J2_VCN,5,1.5961573639380888,0.9932125959132102,0.3507393257598937,0.2525447997532417,ADAPTIVE
2026-02-01 11:14:00+00:00,2026-02-01 11:25:00+00:00,12,MEDIUM,SYS_1,DESF_TA__J2_V_AVG_LN,6,1.4903190991589628,0.8990460252751268,0.3507393257598937,0.2525447997532417,ADAPTIVE
2026-02-01 11:14:00+00:00,2026-02-01 11:25:00+00:00,12,MEDIUM,SYS_1,DESF_TA__J2_VBC,7,1.345897026904253,0.8004834502037145,0.3507393257598937,0.2525447997532417,ADAPTIVE
2026-02-01 11:14:00+00:00,2026-02-01 11:25:00+00:00,12,MEDIUM,SYS_1,DESF_TA__J2_VBN,8,1.2859307013929886,0.8559588674709425,0.3507393257598937,0.2525447997532417,ADAPTIVE
2026-02-01 15:36:00+00:00,2026-02-01 15:42:00+00:00,7,MEDIUM,SYS_1,DESF_TA__J2_VBN,1,1.898058999767297,0.9184130633151456,0.2649180022532489,0.13902943044422073,ADAPTIVE
2026-02-01 15:36:00+00:00,2026-02-01 15:42:00+00:00,7,MEDIUM,SYS_1,DESF_TA__J2_VBC,2,1.7971812511541903,0.9297455134298022,0.2649180022532489,0.13902943044422073,ADAPTIVE
2026-02-01 15:36:00+00:00,2026-02-01 15:42:00+00:00,7,MEDIUM,SYS_1,DESF_TA__J2_V_AVG_LL,3,1.392901505137336,0.6535560427160443,0.2649180022532489,0.13902943044422073,ADAPTIVE
2026-02-01 15:36:00+00:00,2026-02-01 15:42:00+00:00,7,MEDIUM,SYS_1,DESF_TA__J2_VAB,4,1.359972088932476,0.6983560836745127,0.2649180022532489,0.13902943044422073,ADAPTIVE
2026-02-01 15:36:00+00:00,2026-02-01 15:42:00+00:00,7,MEDIUM,SYS_1,DESF_TA__J2_VCN,5,1.1217474066948083,0.46244667181177607,0.2649180022532489,0.13902943044422073,ADAPTIVE
2026-02-01 15:36:00+00:00,2026-02-01 15:42:00+00:00,7,MEDIUM,SYS_1,DESF_TA__J2_VCA,6,0.8938968129207462,0.42916692330345807,0.2649180022532489,0.13902943044422073,ADAPTIVE
2026-02-01 15:36:00+00:00,2026-02-01 15:42:00+00:00,7,MEDIUM,SYS_1,DESF_TA__J2_V_AVG_LN,7,0.86422974952819,0.41425045559221,0.2649180022532489,0.13902943044422073,ADAPTIVE
2026-02-01 15:36:00+00:00,2026-02-01 15:42:00+00:00,7,MEDIUM,SYS_1,DESF_TA__J2_VAN,8,0.762446188935258,0.3619602871167875,0.2649180022532489,0.13902943044422073,ADAPTIVE
2026-02-02 14:52:00+00:00,2026-02-02 15:41:00+00:00,50,MEDIUM,SYS_1,DESF_TA__J2_V_AVG_LN,1,2.4415710089353952,2.1547837433371297,0.27653727799915523,0.22338835380147604,ADAPTIVE
2026-02-02 14:52:00+00:00,2026-02-02 15:41:00+00:00,50,MEDIUM,SYS_1,DESF_TA__J2_VAN,2,2.1337309408030003,1.4818979776101662,0.27653727799915523,0.22338835380147604,ADAPTIVE
2026-02-02 14:52:00+00:00,2026-02-02 15:41:00+00:00,50,MEDIUM,SYS_1,DESF_TA__J2_VAB,3,2.051216423215826,1.3222306488764377,0.27653727799915523,0.22338835380147604,ADAPTIVE
2026-02-02 14:52:00+00:00,2026-02-02 15:41:00+00:00,50,MEDIUM,SYS_1,DESF_TA__J2_V_AVG_LL,4,1.157142097005625,0.6927666459623757,0.27653727799915523,0.22338835380147604,ADAPTIVE
2026-02-02 14:52:00+00:00,2026-02-02 15:41:00+00:00,50,MEDIUM,SYS_1,DESF_TA__J2_VCA,5,1.10006803310867,0.6960948818608624,0.27653727799915523,0.22338835380147604,ADAPTIVE
2026-02-02 14:52:00+00:00,2026-02-02 15:41:00+00:00,50,MEDIUM,SYS_1,DESF_TA__J2_VBN,6,0.963891997854278,0.4687166333368378,0.27653727799915523,0.22338835380147604,ADAPTIVE
2026-02-02 14:52:00+00:00,2026-02-02 15:41:00+00:00,50,MEDIUM,SYS_1,DESF_TA__J2_VBC,7,0.8833716337800808,0.33770324364320237,0.27653727799915523,0.22338835380147604,ADAPTIVE
2026-02-02 14:52:00+00:00,2026-02-02 15:41:00+00:00,50,MEDIUM,SYS_1,DESF_TA__J2_VCN,8,0.8325676327861096,0.3216871700884706,0.27653727799915523,0.22338835380147604,ADAPTIVE
2026-02-02 17:15:00+00:00,2026-02-02 17:24:00+00:00,10,MEDIUM,SYS_1,DESF_TA__J2_VAN,1,2.0211594622059526,1.2710065095216763,0.36111235779156603,0.22887470024336326,ADAPTIVE
2026-02-02 17:15:00+00:00,2026-02-02 17:24:00+00:00,10,MEDIUM,SYS_1,DESF_TA__J2_V_AVG_LL,2,1.9477974244382212,1.2790316345255826,0.36111235779156603,0.22887470024336326,ADAPTIVE
2026-02-02 17:15:00+00:00,2026-02-02 17:24:00+00:00,10,MEDIUM,SYS_1,DESF_TA__J2_VAB,3,1.7973420388613794,1.1471867244120861,0.36111235779156603,0.22887470024336326,ADAPTIVE
2026-02-02 17:15:00+00:00,2026-02-02 17:24:00+00:00,10,MEDIUM,SYS_1,DESF_TA__J2_VCA,4,1.670990794540906,0.9304180392557401,0.36111235779156603,0.22887470024336326,ADAPTIVE
2026-02-02 17:15:00+00:00,2026-02-02 17:24:00+00:00,10,MEDIUM,SYS_1,DESF_TA__J2_VBC,5,1.6217465493899363,0.9804536033634218,0.36111235779156603,0.22887470024336326,ADAPTIVE
2026-02-02 17:15:00+00:00,2026-02-02 17:24:00+00:00,10,MEDIUM,SYS_1,DESF_TA__J2_VBN,6,1.4244933287216381,0.9612271541587412,0.36111235779156603,0.22887470024336326,ADAPTIVE
2026-02-02 17:15:00+00:00,2026-02-02 17:24:00+00:00,10,MEDIUM,SYS_1,DESF_TA__J2_VCN,7,1.0823855847873458,0.6571272796637546,0.36111235779156603,0.22887470024336326,ADAPTIVE
2026-02-02 17:15:00+00:00,2026-02-02 17:24:00+00:00,10,MEDIUM,SYS_1,DESF_TA__J2_V_AVG_LN,8,0.8950377170442937,0.4190423373613622,0.36111235779156603,0.22887470024336326,ADAPTIVE
2026-02-03 17:55:00+00:00,2026-02-03 18:02:00+00:00,8,MEDIUM,SYS_1,DESF_TA__J2_V_AVG_LL,1,2.1786179591547454,0.7724825285826217,0.3861960839027038,0.15539953007416982,ADAPTIVE
2026-02-03 17:55:00+00:00,2026-02-03 18:02:00+00:00,8,MEDIUM,SYS_1,DESF_TA__J2_VAN,2,2.1254437915176267,0.7365161645082745,0.3861960839027038,0.15539953007416982,ADAPTIVE
2026-02-03 17:55:00+00:00,2026-02-03 18:02:00+00:00,8,MEDIUM,SYS_1,DESF_TA__J2_VAB,3,1.9803978134864975,0.6481134797154683,0.3861960839027038,0.15539953007416982,ADAPTIVE
2026-02-03 17:55:00+00:00,2026-02-03 18:02:00+00:00,8,MEDIUM,SYS_1,DESF_TA__J2_V_AVG_LN,4,1.9357456709742769,0.7599926074417209,0.3861960839027038,0.15539953007416982,ADAPTIVE
2026-02-03 17:55:00+00:00,2026-02-03 18:02:00+00:00,8,MEDIUM,SYS_1,DESF_TA__J2_VBN,5,1.5374530147313152,0.6426250149902435,0.3861960839027038,0.15539953007416982,ADAPTIVE
2026-02-03 17:55:00+00:00,2026-02-03 18:02:00+00:00,8,MEDIUM,SYS_1,DESF_TA__J2_VCA,6,1.5038655847944662,0.7367464001269703,0.3861960839027038,0.15539953007416982,ADAPTIVE
2026-02-03 17:55:00+00:00,2026-02-03 18:02:00+00:00,8,MEDIUM,SYS_1,DESF_TA__J2_VCN,7,1.2147632242547357,0.45782486414273194,0.3861960839027038,0.15539953007416982,ADAPTIVE
2026-02-03 17:55:00+00:00,2026-02-03 18:02:00+00:00,8,MEDIUM,SYS_1,DESF_TA__J2_VBC,8,1.0732706862084338,0.619681391993706,0.3861960839027038,0.15539953007416982,ADAPTIVE
2026-02-03 18:29:00+00:00,2026-02-03 18:43:00+00:00,15,MEDIUM,SYS_1,DESF_TA__J2_VCN,1,2.0352821524094677,0.9775463021742045,0.4150241817623149,0.20922117794465575,ADAPTIVE
2026-02-03 18:29:00+00:00,2026-02-03 18:43:00+00:00,15,MEDIUM,SYS_1,DESF_TA__J2_VBC,2,1.9023427313732533,0.8839316796408099,0.4150241817623149,0.20922117794465575,ADAPTIVE
2026-02-03 18:29:00+00:00,2026-02-03 18:43:00+00:00,15,MEDIUM,SYS_1,DESF_TA__J2_V_AVG_LL,3,1.8748490380544511,1.022295923763996,0.4150241817623149,0.20922117794465575,ADAPTIVE
2026-02-03 18:29:00+00:00,2026-02-03 18:43:00+00:00,15,MEDIUM,SYS_1,DESF_TA__J2_V_AVG_LN,4,1.6243485785266019,1.0033356808606546,0.4150241817623149,0.20922117794465575,ADAPTIVE
2026-02-03 18:29:00+00:00,2026-02-03 18:43:00+00:00,15,MEDIUM,SYS_1,DESF_TA__J2_VBN,5,1.622297788423931,0.8859822459539656,0.4150241817623149,0.20922117794465575,ADAPTIVE
2026-02-03 18:29:00+00:00,2026-02-03 18:43:00+00:00,15,MEDIUM,SYS_1,DESF_TA__J2_VCA,6,1.6152702237274916,0.7701824047859149,0.4150241817623149,0.20922117794465575,ADAPTIVE
2026-02-03 18:29:00+00:00,2026-02-03 18:43:00+00:00,15,MEDIUM,SYS_1,DESF_TA__J2_VAB,7,1.5704234426831227,0.8529671245337621,0.4150241817623149,0.20922117794465575,ADAPTIVE
2026-02-03 18:29:00+00:00,2026-02-03 18:43:00+00:00,15,MEDIUM,SYS_1,DESF_TA__J2_VAN,8,1.4345984177109397,0.6416563387857427,0.4150241817623149,0.20922117794465575,ADAPTIVE
2026-02-03 19:01:00+00:00,2026-02-03 19:11:00+00:00,11,MEDIUM,SYS_1,DESF_TA__J2_VBN,1,1.7079580864245172,0.5729037105344242,0.3416064301159613,0.13655343228533934,ADAPTIVE
2026-02-03 19:01:00+00:00,2026-02-03 19:11:00+00:00,11,MEDIUM,SYS_1,DESF_TA__J2_VCN,2,1.5785537968714172,0.9469415888927982,0.3416064301159613,0.13655343228533934,ADAPTIVE
2026-02-03 19:01:00+00:00,2026-02-03 19:11:00+00:00,11,MEDIUM,SYS_1,DESF_TA__J2_VBC,3,1.5731199596064744,0.7281221267640009,0.3416064301159613,0.13655343228533934,ADAPTIVE
2026-02-03 19:01:00+00:00,2026-02-03 19:11:00+00:00,11,MEDIUM,SYS_1,DESF_TA__J2_V_AVG_LL,4,1.5730645090273927,0.6330906740011586,0.3416064301159613,0.13655343228533934,ADAPTIVE
2026-02-03 19:01:00+00:00,2026-02-03 19:11:00+00:00,11,MEDIUM,SYS_1,DESF_TA__J2_VAB,5,1.483338328677396,0.3848226352656749,0.3416064301159613,0.13655343228533934,ADAPTIVE
2026-02-03 19:01:00+00:00,2026-02-03 19:11:00+00:00,11,MEDIUM,SYS_1,DESF_TA__J2_V_AVG_LN,6,1.372867774986613,0.6528181001597487,0.3416064301159613,0.13655343228533934,ADAPTIVE
2026-02-03 19:01:00+00:00,2026-02-03 19:11:00+00:00,11,MEDIUM,SYS_1,DESF_TA__J2_VCA,7,1.1107056884928999,0.5380037146799982,0.3416064301159613,0.13655343228533934,ADAPTIVE
2026-02-03 19:01:00+00:00,2026-02-03 19:11:00+00:00,11,MEDIUM,SYS_1,DESF_TA__J2_VAN,8,1.0595705091988779,0.3346461332749241,0.3416064301159613,0.13655343228533934,ADAPTIVE
2026-02-03 19:25:00+00:00,2026-02-03 19:42:00+00:00,18,MEDIUM,SYS_1,DESF_TA__J2_VCN,1,3.79218540916692,2.072131451964808,0.7989403590923673,0.37562563027169865,ADAPTIVE
2026-02-03 19:25:00+00:00,2026-02-03 19:42:00+00:00,18,MEDIUM,SYS_1,DESF_TA__J2_VBC,2,3.768909669545238,1.9409816271383922,0.7989403590923673,0.37562563027169865,ADAPTIVE
2026-02-03 19:25:00+00:00,2026-02-03 19:42:00+00:00,18,MEDIUM,SYS_1,DESF_TA__J2_V_AVG_LL,3,3.7646138411599916,1.7699575854237526,0.7989403590923673,0.37562563027169865,ADAPTIVE
2026-02-03 19:25:00+00:00,2026-02-03 19:42:00+00:00,18,MEDIUM,SYS_1,DESF_TA__J2_VCA,4,3.1184678643616364,1.4936770184746218,0.7989403590923673,0.37562563027169865,ADAPTIVE
2026-02-03 19:25:00+00:00,2026-02-03 19:42:00+00:00,18,MEDIUM,SYS_1,DESF_TA__J2_V_AVG_LN,5,2.9995416594305855,1.5681745962449765,0.7989403590923673,0.37562563027169865,ADAPTIVE
2026-02-03 19:25:00+00:00,2026-02-03 19:42:00+00:00,18,MEDIUM,SYS_1,DESF_TA__J2_VBN,6,2.9681671593166192,1.3900242270965544,0.7989403590923673,0.37562563027169865,ADAPTIVE
2026-02-03 19:25:00+00:00,2026-02-03 19:42:00+00:00,18,MEDIUM,SYS_1,DESF_TA__J2_VAB,7,2.593265747877123,1.034973080577332,0.7989403590923673,0.37562563027169865,ADAPTIVE
2026-02-03 19:25:00+00:00,2026-02-03 19:42:00+00:00,18,MEDIUM,SYS_1,DESF_TA__J2_VAN,8,2.293361898523126,0.9124305167137255,0.7989403590923673,0.37562563027169865,ADAPTIVE
2026-02-04 07:41:00+00:00,2026-02-04 07:48:00+00:00,8,MEDIUM,SYS_1,DESF_TA__J2_V_AVG_LL,1,1.9470176085335227,1.0868137472976676,0.3888113912404535,0.17066835979555994,ADAPTIVE
2026-02-04 07:41:00+00:00,2026-02-04 07:48:00+00:00,8,MEDIUM,SYS_1,DESF_TA__J2_VCA,2,1.8613439770827513,0.8595158908928728,0.3888113912404535,0.17066835979555994,ADAPTIVE
2026-02-04 07:41:00+00:00,2026-02-04 07:48:00+00:00,8,MEDIUM,SYS_1,DESF_TA__J2_VCN,3,1.7556983350825421,0.9189479164253611,0.3888113912404535,0.17066835979555994,ADAPTIVE
2026-02-04 07:41:00+00:00,2026-02-04 07:48:00+00:00,8,MEDIUM,SYS_1,DESF_TA__J2_VAN,4,1.5311386954746684,0.5833077146347055,0.3888113912404535,0.17066835979555994,ADAPTIVE
2026-02-04 07:41:00+00:00,2026-02-04 07:48:00+00:00,8,MEDIUM,SYS_1,DESF_TA__J2_V_AVG_LN,5,1.4504300830205226,0.5961403905878984,0.3888113912404535,0.17066835979555994,ADAPTIVE
2026-02-04 07:41:00+00:00,2026-02-04 07:48:00+00:00,8,MEDIUM,SYS_1,DESF_TA__J2_VAB,6,1.415702847572419,0.5432919968047407,0.3888113912404535,0.17066835979555994,ADAPTIVE
2026-02-04 07:41:00+00:00,2026-02-04 07:48:00+00:00,8,MEDIUM,SYS_1,DESF_TA__J2_VBC,7,1.4155827766726368,0.6423287698299772,0.3888113912404535,0.17066835979555994,ADAPTIVE
2026-02-04 07:41:00+00:00,2026-02-04 07:48:00+00:00,8,MEDIUM,SYS_1,DESF_TA__J2_VBN,8,1.2130782365974053,0.6156772874755575,0.3888113912404535,0.17066835979555994,ADAPTIVE
2026-02-04 12:37:00+00:00,2026-02-04 12:51:00+00:00,15,MEDIUM,SYS_1,DESF_TA__J2_VBN,1,1.9505929613008517,1.37172318134176,0.23422014247930364,0.16511173481773894,ADAPTIVE
2026-02-04 12:37:00+00:00,2026-02-04 12:51:00+00:00,15,MEDIUM,SYS_1,DESF_TA__J2_VCA,2,1.7986549979828428,1.1722147644448493,0.23422014247930364,0.16511173481773894,ADAPTIVE
2026-02-04 12:37:00+00:00,2026-02-04 12:51:00+00:00,15,MEDIUM,SYS_1,DESF_TA__J2_VAB,3,1.5041645434005861,0.9915256106380693,0.23422014247930364,0.16511173481773894,ADAPTIVE
2026-02-04 12:37:00+00:00,2026-02-04 12:51:00+00:00,15,MEDIUM,SYS_1,DESF_TA__J2_VCN,4,1.2300593620205547,0.8573692044988964,0.23422014247930364,0.16511173481773894,ADAPTIVE
2026-02-04 12:37:00+00:00,2026-02-04 12:51:00+00:00,15,MEDIUM,SYS_1,DESF_TA__J2_V_AVG_LL,5,0.7971632183631433,0.2523664234435818,0.23422014247930364,0.16511173481773894,ADAPTIVE
2026-02-04 12:37:00+00:00,2026-02-04 12:51:00+00:00,15,MEDIUM,SYS_1,DESF_TA__J2_VBC,6,0.7587266060818803,0.4652137843204796,0.23422014247930364,0.16511173481773894,ADAPTIVE
2026-02-04 12:37:00+00:00,2026-02-04 12:51:00+00:00,15,MEDIUM,SYS_1,DESF_TA__J2_VAN,7,0.6734804440597654,0.3653114627098829,0.23422014247930364,0.16511173481773894,ADAPTIVE
2026-02-04 12:37:00+00:00,2026-02-04 12:51:00+00:00,15,MEDIUM,SYS_1,DESF_TA__J2_V_AVG_LN,8,0.49219190079180547,0.19851425924977656,0.23422014247930364,0.16511173481773894,ADAPTIVE
2026-02-04 15:30:00+00:00,2026-02-04 15:35:00+00:00,6,MEDIUM,SYS_1,DESF_TA__J2_VBN,1,1.5441638427890965,0.9998802300458607,0.18033751982436164,0.11515923728817369,ADAPTIVE
2026-02-04 15:30:00+00:00,2026-02-04 15:35:00+00:00,6,MEDIUM,SYS_1,DESF_TA__J2_VBC,2,1.1955487859166027,0.8757341444345194,0.18033751982436164,0.11515923728817369,ADAPTIVE
2026-02-04 15:30:00+00:00,2026-02-04 15:35:00+00:00,6,MEDIUM,SYS_1,DESF_TA__J2_VAB,3,0.9450290850102394,0.46868774503139804,0.18033751982436164,0.11515923728817369,ADAPTIVE
2026-02-04 15:30:00+00:00,2026-02-04 15:35:00+00:00,6,MEDIUM,SYS_1,DESF_TA__J2_V_AVG_LL,4,0.9401269057662327,0.5063894921361395,0.18033751982436164,0.11515923728817369,ADAPTIVE
2026-02-04 15:30:00+00:00,2026-02-04 15:35:00+00:00,6,MEDIUM,SYS_1,DESF_TA__J2_VAN,5,0.7140996021027451,0.26916025813215433,0.18033751982436164,0.11515923728817369,ADAPTIVE
2026-02-04 15:30:00+00:00,2026-02-04 15:35:00+00:00,6,MEDIUM,SYS_1,DESF_TA__J2_V_AVG_LN,6,0.6970284029494126,0.42459239157378414,0.18033751982436164,0.11515923728817369,ADAPTIVE
2026-02-04 15:30:00+00:00,2026-02-04 15:35:00+00:00,6,MEDIUM,SYS_1,DESF_TA__J2_VCN,7,0.6908661952664209,0.3275577849346908,0.18033751982436164,0.11515923728817369,ADAPTIVE
2026-02-04 15:30:00+00:00,2026-02-04 15:35:00+00:00,6,MEDIUM,SYS_1,DESF_TA__J2_VCA,8,0.525150018597662,0.257937544395242,0.18033751982436164,0.11515923728817369,ADAPTIVE
2026-02-05 03:20:00+00:00,2026-02-05 03:29:00+00:00,10,MEDIUM,SYS_1,DESF_TA__J2_V_AVG_LL,1,1.9293869422097856,1.1325032908043515,0.3500640607224022,0.20124503827989706,ADAPTIVE
2026-02-05 03:20:00+00:00,2026-02-05 03:29:00+00:00,10,MEDIUM,SYS_1,DESF_TA__J2_VAB,2,1.816159481232885,1.1207624676437873,0.3500640607224022,0.20124503827989706,ADAPTIVE
2026-02-05 03:20:00+00:00,2026-02-05 03:29:00+00:00,10,MEDIUM,SYS_1,DESF_TA__J2_VAN,3,1.6083263789027693,0.8146234617595098,0.3500640607224022,0.20124503827989706,ADAPTIVE
2026-02-05 03:20:00+00:00,2026-02-05 03:29:00+00:00,10,MEDIUM,SYS_1,DESF_TA__J2_V_AVG_LN,4,1.595054354051519,1.0857097129523088,0.3500640607224022,0.20124503827989706,ADAPTIVE
2026-02-05 03:20:00+00:00,2026-02-05 03:29:00+00:00,10,MEDIUM,SYS_1,DESF_TA__J2_VBN,5,1.5850965581502618,1.0184368041066445,0.3500640607224022,0.20124503827989706,ADAPTIVE
2026-02-05 03:20:00+00:00,2026-02-05 03:29:00+00:00,10,MEDIUM,SYS_1,DESF_TA__J2_VBC,6,1.225141583349539,0.7213862111021327,0.3500640607224022,0.20124503827989706,ADAPTIVE
2026-02-05 03:20:00+00:00,2026-02-05 03:29:00+00:00,10,MEDIUM,SYS_1,DESF_TA__J2_VCA,7,1.1944573730779922,0.4533533826218831,0.3500640607224022,0.20124503827989706,ADAPTIVE
2026-02-05 03:20:00+00:00,2026-02-05 03:29:00+00:00,10,MEDIUM,SYS_1,DESF_TA__J2_VCN,8,0.7265917719412072,0.4445371953000826,0.3500640607224022,0.20124503827989706,ADAPTIVE
2026-02-05 05:16:00+00:00,2026-02-05 05:24:00+00:00,9,MEDIUM,SYS_1,DESF_TA__J2_VAN,1,2.161036921966978,1.5270215852860707,0.3997339038567371,0.2188581190376909,ADAPTIVE
2026-02-05 05:16:00+00:00,2026-02-05 05:24:00+00:00,9,MEDIUM,SYS_1,DESF_TA__J2_VAB,2,2.0121742330189423,1.3494206429386135,0.3997339038567371,0.2188581190376909,ADAPTIVE
2026-02-05 05:16:00+00:00,2026-02-05 05:24:00+00:00,9,MEDIUM,SYS_1,DESF_TA__J2_V_AVG_LL,3,1.9346083520153972,1.135882214895135,0.3997339038567371,0.2188581190376909,ADAPTIVE
2026-02-05 05:16:00+00:00,2026-02-05 05:24:00+00:00,9,MEDIUM,SYS_1,DESF_TA__J2_VCA,4,1.4776439507941987,0.7994220488776959,0.3997339038567371,0.2188581190376909,ADAPTIVE
2026-02-05 05:16:00+00:00,2026-02-05 05:24:00+00:00,9,MEDIUM,SYS_1,DESF_TA__J2_VBN,5,1.471489706544101,0.8154482808509257,0.3997339038567371,0.2188581190376909,ADAPTIVE
2026-02-05 05:16:00+00:00,2026-02-05 05:24:00+00:00,9,MEDIUM,SYS_1,DESF_TA__J2_VBC,6,1.4116903690133962,0.576089149804917,0.3997339038567371,0.2188581190376909,ADAPTIVE
2026-02-05 05:16:00+00:00,2026-02-05 05:24:00+00:00,9,MEDIUM,SYS_1,DESF_TA__J2_V_AVG_LN,7,1.2458619159695543,0.5460648805899758,0.3997339038567371,0.2188581190376909,ADAPTIVE
2026-02-05 05:16:00+00:00,2026-02-05 05:24:00+00:00,9,MEDIUM,SYS_1,DESF_TA__J2_VCN,8,1.2131604451189208,0.5864783340685047,0.3997339038567371,0.2188581190376909,ADAPTIVE
2026-02-05 08:16:00+00:00,2026-02-05 08:52:00+00:00,37,HIGH,SYS_1,DESF_TA__J2_V_AVG_LL,1,4.876908537643021,1.1777706419150762,0.9999999999676537,0.2278412445805078,ADAPTIVE
2026-02-05 08:16:00+00:00,2026-02-05 08:52:00+00:00,37,HIGH,SYS_1,DESF_TA__J2_VAN,2,4.282801292021929,1.0954768627168272,0.9999999999676537,0.2278412445805078,ADAPTIVE
2026-02-05 08:16:00+00:00,2026-02-05 08:52:00+00:00,37,HIGH,SYS_1,DESF_TA__J2_VAB,3,4.146815221488619,1.0152989481359256,0.9999999999676537,0.2278412445805078,ADAPTIVE
2026-02-05 08:16:00+00:00,2026-02-05 08:52:00+00:00,37,HIGH,SYS_1,DESF_TA__J2_VCA,4,3.8270507488932406,1.081899554100247,0.9999999999676537,0.2278412445805078,ADAPTIVE
2026-02-05 08:16:00+00:00,2026-02-05 08:52:00+00:00,37,HIGH,SYS_1,DESF_TA__J2_VBN,5,3.742891404979569,0.8148671099509067,0.9999999999676537,0.2278412445805078,ADAPTIVE
2026-02-05 08:16:00+00:00,2026-02-05 08:52:00+00:00,37,HIGH,SYS_1,DESF_TA__J2_VBC,6,3.6866244124308545,0.7475851718704962,0.9999999999676537,0.2278412445805078,ADAPTIVE
2026-02-05 08:16:00+00:00,2026-02-05 08:52:00+00:00,37,HIGH,SYS_1,DESF_TA__J2_VCN,7,3.615855567083961,0.9201040447873762,0.9999999999676537,0.2278412445805078,ADAPTIVE
2026-02-05 08:16:00+00:00,2026-02-05 08:52:00+00:00,37,HIGH,SYS_1,DESF_TA__J2_V_AVG_LN,8,3.3061570324594656,0.7605413020425172,0.9999999999676537,0.2278412445805078,ADAPTIVE
2026-02-05 08:59:00+00:00,2026-02-05 09:18:00+00:00,20,MEDIUM,SYS_1,DESF_TA__J2_VAN,1,2.056456208406668,1.2653316450563248,0.39341276248490864,0.250452122297632,ADAPTIVE
2026-02-05 08:59:00+00:00,2026-02-05 09:18:00+00:00,20,MEDIUM,SYS_1,DESF_TA__J2_V_AVG_LL,2,2.0140682884755328,1.3149691970267823,0.39341276248490864,0.250452122297632,ADAPTIVE
2026-02-05 08:59:00+00:00,2026-02-05 09:18:00+00:00,20,MEDIUM,SYS_1,DESF_TA__J2_VCA,3,1.9568686269781468,1.2765277661714465,0.39341276248490864,0.250452122297632,ADAPTIVE
2026-02-05 08:59:00+00:00,2026-02-05 09:18:00+00:00,20,MEDIUM,SYS_1,DESF_TA__J2_VAB,4,1.680293061810032,1.0590160440150673,0.39341276248490864,0.250452122297632,ADAPTIVE
2026-02-05 08:59:00+00:00,2026-02-05 09:18:00+00:00,20,MEDIUM,SYS_1,DESF_TA__J2_VBC,5,1.5868180263553417,0.7925660881406105,0.39341276248490864,0.250452122297632,ADAPTIVE
2026-02-05 08:59:00+00:00,2026-02-05 09:18:00+00:00,20,MEDIUM,SYS_1,DESF_TA__J2_VCN,6,1.5529508562177619,1.040862749989826,0.39341276248490864,0.250452122297632,ADAPTIVE
2026-02-05 08:59:00+00:00,2026-02-05 09:18:00+00:00,20,MEDIUM,SYS_1,DESF_TA__J2_VBN,7,1.3401486663421356,0.7687430043586911,0.39341276248490864,0.250452122297632,ADAPTIVE
2026-02-05 08:59:00+00:00,2026-02-05 09:18:00+00:00,20,MEDIUM,SYS_1,DESF_TA__J2_V_AVG_LN,8,1.325504761181617,0.794550409562607,0.39341276248490864,0.250452122297632,ADAPTIVE
2026-02-05 09:31:00+00:00,2026-02-05 09:39:00+00:00,9,MEDIUM,SYS_1,DESF_TA__J2_V_AVG_LL,1,1.963428003117134,1.3010403546164249,0.3740713759463722,0.24436148946486286,ADAPTIVE
2026-02-05 09:31:00+00:00,2026-02-05 09:39:00+00:00,9,MEDIUM,SYS_1,DESF_TA__J2_VAN,2,1.8445919794876104,1.1988104100848502,0.3740713759463722,0.24436148946486286,ADAPTIVE
2026-02-05 09:31:00+00:00,2026-02-05 09:39:00+00:00,9,MEDIUM,SYS_1,DESF_TA__J2_VCA,3,1.7886193248110116,1.3241740936683892,0.3740713759463722,0.24436148946486286,ADAPTIVE
2026-02-05 09:31:00+00:00,2026-02-05 09:39:00+00:00,9,MEDIUM,SYS_1,DESF_TA__J2_VCN,4,1.6771879205868305,1.0809580267145626,0.3740713759463722,0.24436148946486286,ADAPTIVE
2026-02-05 09:31:00+00:00,2026-02-05 09:39:00+00:00,9,MEDIUM,SYS_1,DESF_TA__J2_VAB,5,1.5121334261384012,0.9362077395451797,0.3740713759463722,0.24436148946486286,ADAPTIVE
2026-02-05 09:31:00+00:00,2026-02-05 09:39:00+00:00,9,MEDIUM,SYS_1,DESF_TA__J2_V_AVG_LN,6,1.3964100807441098,0.6989388891295013,0.3740713759463722,0.24436148946486286,ADAPTIVE
2026-02-05 09:31:00+00:00,2026-02-05 09:39:00+00:00,9,MEDIUM,SYS_1,DESF_TA__J2_VBN,7,1.280645189833177,0.7666284975371364,0.3740713759463722,0.24436148946486286,ADAPTIVE
2026-02-05 09:31:00+00:00,2026-02-05 09:39:00+00:00,9,MEDIUM,SYS_1,DESF_TA__J2_VBC,8,1.1817406481824093,0.81751482832341,0.3740713759463722,0.24436148946486286,ADAPTIVE
2026-02-06 06:43:00+00:00,2026-02-06 06:49:00+00:00,7,MEDIUM,SYS_1,DESF_TA__J2_V_AVG_LL,1,2.6677667591256595,0.9931765046582752,0.36521471717318416,0.18319039736415094,ADAPTIVE
2026-02-06 06:43:00+00:00,2026-02-06 06:49:00+00:00,7,MEDIUM,SYS_1,DESF_TA__J2_VCN,2,1.8822012332291371,1.103081783430523,0.36521471717318416,0.18319039736415094,ADAPTIVE
2026-02-06 06:43:00+00:00,2026-02-06 06:49:00+00:00,7,MEDIUM,SYS_1,DESF_TA__J2_V_AVG_LN,3,1.7159017750088619,0.9347068005535025,0.36521471717318416,0.18319039736415094,ADAPTIVE
2026-02-06 06:43:00+00:00,2026-02-06 06:49:00+00:00,7,MEDIUM,SYS_1,DESF_TA__J2_VAN,4,1.3521753591810715,0.831951901405105,0.36521471717318416,0.18319039736415094,ADAPTIVE
2026-02-06 06:43:00+00:00,2026-02-06 06:49:00+00:00,7,MEDIUM,SYS_1,DESF_TA__J2_VCA,5,1.3037390077465112,0.9895780715578836,0.36521471717318416,0.18319039736415094,ADAPTIVE
2026-02-06 06:43:00+00:00,2026-02-06 06:49:00+00:00,7,MEDIUM,SYS_1,DESF_TA__J2_VBC,6,1.2472653854966378,0.531680504586953,0.36521471717318416,0.18319039736415094,ADAPTIVE
2026-02-06 06:43:00+00:00,2026-02-06 06:49:00+00:00,7,MEDIUM,SYS_1,DESF_TA__J2_VAB,7,1.1874642569426301,0.5124183453724951,0.36521471717318416,0.18319039736415094,ADAPTIVE
2026-02-06 06:43:00+00:00,2026-02-06 06:49:00+00:00,7,MEDIUM,SYS_1,DESF_TA__J2_VBN,8,0.9516811173863815,0.336553015501444,0.36521471717318416,0.18319039736415094,ADAPTIVE
2026-02-06 08:12:00+00:00,2026-02-06 08:20:00+00:00,9,MEDIUM,SYS_1,DESF_TA__J2_V_AVG_LL,1,2.0860721263890216,0.8803675835326636,0.3848090931979121,0.16830886813360127,ADAPTIVE
2026-02-06 08:12:00+00:00,2026-02-06 08:20:00+00:00,9,MEDIUM,SYS_1,DESF_TA__J2_VBC,2,1.7547003213205918,0.7847468242924001,0.3848090931979121,0.16830886813360127,ADAPTIVE
2026-02-06 08:12:00+00:00,2026-02-06 08:20:00+00:00,9,MEDIUM,SYS_1,DESF_TA__J2_V_AVG_LN,3,1.7493420285113883,0.7564782796198483,0.3848090931979121,0.16830886813360127,ADAPTIVE
2026-02-06 08:12:00+00:00,2026-02-06 08:20:00+00:00,9,MEDIUM,SYS_1,DESF_TA__J2_VAB,4,1.7250175514655568,0.5824662015446146,0.3848090931979121,0.16830886813360127,ADAPTIVE
2026-02-06 08:12:00+00:00,2026-02-06 08:20:00+00:00,9,MEDIUM,SYS_1,DESF_TA__J2_VCN,5,1.7131447935884818,0.8994033757025672,0.3848090931979121,0.16830886813360127,ADAPTIVE
2026-02-06 08:12:00+00:00,2026-02-06 08:20:00+00:00,9,MEDIUM,SYS_1,DESF_TA__J2_VCA,6,1.4847763439157626,0.7063233995327105,0.3848090931979121,0.16830886813360127,ADAPTIVE
2026-02-06 08:12:00+00:00,2026-02-06 08:20:00+00:00,9,MEDIUM,SYS_1,DESF_TA__J2_VAN,7,1.2767900620606831,0.5841674902698117,0.3848090931979121,0.16830886813360127,ADAPTIVE
2026-02-06 08:12:00+00:00,2026-02-06 08:20:00+00:00,9,MEDIUM,SYS_1,DESF_TA__J2_VBN,8,1.1293950158146129,0.5791260415593872,0.3848090931979121,0.16830886813360127,ADAPTIVE
2026-02-06 08:30:00+00:00,2026-02-06 08:38:00+00:00,9,MEDIUM,SYS_1,DESF_TA__J2_VCN,1,1.8858397056976919,1.2191686295756954,0.31331941343984077,0.15853620951774955,ADAPTIVE
2026-02-06 08:30:00+00:00,2026-02-06 08:38:00+00:00,9,MEDIUM,SYS_1,DESF_TA__J2_V_AVG_LL,2,1.554026222315569,0.8102431494841997,0.31331941343984077,0.15853620951774955,ADAPTIVE
2026-02-06 08:30:00+00:00,2026-02-06 08:38:00+00:00,9,MEDIUM,SYS_1,DESF_TA__J2_VBC,3,1.5421266573738734,0.9317846357532125,0.31331941343984077,0.15853620951774955,ADAPTIVE
2026-02-06 08:30:00+00:00,2026-02-06 08:38:00+00:00,9,MEDIUM,SYS_1,DESF_TA__J2_V_AVG_LN,4,1.4440357888393585,0.7215181967061192,0.31331941343984077,0.15853620951774955,ADAPTIVE
2026-02-06 08:30:00+00:00,2026-02-06 08:38:00+00:00,9,MEDIUM,SYS_1,DESF_TA__J2_VCA,5,1.1833706846955667,0.7303621987386661,0.31331941343984077,0.15853620951774955,ADAPTIVE
2026-02-06 08:30:00+00:00,2026-02-06 08:38:00+00:00,9,MEDIUM,SYS_1,DESF_TA__J2_VBN,6,1.1453119212834064,0.4510002013004115,0.31331941343984077,0.15853620951774955,ADAPTIVE
2026-02-06 08:30:00+00:00,2026-02-06 08:38:00+00:00,9,MEDIUM,SYS_1,DESF_TA__J2_VAN,7,0.7773163926308695,0.3593878514012799,0.31331941343984077,0.15853620951774955,ADAPTIVE
2026-02-06 08:30:00+00:00,2026-02-06 08:38:00+00:00,9,MEDIUM,SYS_1,DESF_TA__J2_VAB,8,0.7241040363547705,0.24748914114024265,0.31331941343984077,0.15853620951774955,ADAPTIVE
2026-02-06 09:16:00+00:00,2026-02-06 09:24:00+00:00,9,MEDIUM,SYS_1,DESF_TA__J2_VCN,1,1.8262429798320243,1.1664184013462253,0.3639567373305762,0.19675881658252045,ADAPTIVE
2026-02-06 09:16:00+00:00,2026-02-06 09:24:00+00:00,9,MEDIUM,SYS_1,DESF_TA__J2_VBC,2,1.6872833317956248,0.9001239603587801,0.3639567373305762,0.19675881658252045,ADAPTIVE
2026-02-06 09:16:00+00:00,2026-02-06 09:24:00+00:00,9,MEDIUM,SYS_1,DESF_TA__J2_V_AVG_LL,3,1.5808654119984278,0.8767422349246257,0.3639567373305762,0.19675881658252045,ADAPTIVE
2026-02-06 09:16:00+00:00,2026-02-06 09:24:00+00:00,9,MEDIUM,SYS_1,DESF_TA__J2_VCA,4,1.539453180501899,1.018375356352235,0.3639567373305762,0.19675881658252045,ADAPTIVE
2026-02-06 09:16:00+00:00,2026-02-06 09:24:00+00:00,9,MEDIUM,SYS_1,DESF_TA__J2_V_AVG_LN,5,1.537429508525422,1.031899916726914,0.3639567373305762,0.19675881658252045,ADAPTIVE
2026-02-06 09:16:00+00:00,2026-02-06 09:24:00+00:00,9,MEDIUM,SYS_1,DESF_TA__J2_VAN,6,1.3956816722669778,0.6815260958680135,0.3639567373305762,0.19675881658252045,ADAPTIVE
2026-02-06 09:16:00+00:00,2026-02-06 09:24:00+00:00,9,MEDIUM,SYS_1,DESF_TA__J2_VBN,7,1.3072854229755173,0.48527671376439013,0.3639567373305762,0.19675881658252045,ADAPTIVE
2026-02-06 09:16:00+00:00,2026-02-06 09:24:00+00:00,9,MEDIUM,SYS_1,DESF_TA__J2_VAB,8,1.2434456117649657,0.4922567190354408,0.3639567373305762,0.19675881658252045,ADAPTIVE
2026-02-06 13:30:00+00:00,2026-02-06 13:36:00+00:00,7,MEDIUM,SYS_1,DESF_TA__J2_VBN,1,1.7517743486948414,1.1440364874936926,0.2511141616103379,0.1509911638216195,ADAPTIVE
2026-02-06 13:30:00+00:00,2026-02-06 13:36:00+00:00,7,MEDIUM,SYS_1,DESF_TA__J2_VAB,2,1.5142942881739645,1.0780580624801688,0.2511141616103379,0.1509911638216195,ADAPTIVE
2026-02-06 13:30:00+00:00,2026-02-06 13:36:00+00:00,7,MEDIUM,SYS_1,DESF_TA__J2_VBC,3,1.293051708427383,0.7423415095227053,0.2511141616103379,0.1509911638216195,ADAPTIVE
2026-02-06 13:30:00+00:00,2026-02-06 13:36:00+00:00,7,MEDIUM,SYS_1,DESF_TA__J2_V_AVG_LL,4,1.158007536080174,0.7384933244721728,0.2511141616103379,0.1509911638216195,ADAPTIVE
2026-02-06 13:30:00+00:00,2026-02-06 13:36:00+00:00,7,MEDIUM,SYS_1,DESF_TA__J2_VAN,5,0.9242744549873426,0.5367370380892946,0.2511141616103379,0.1509911638216195,ADAPTIVE
2026-02-06 13:30:00+00:00,2026-02-06 13:36:00+00:00,7,MEDIUM,SYS_1,DESF_TA__J2_VCN,6,0.9046719818497301,0.4255236890786492,0.2511141616103379,0.1509911638216195,ADAPTIVE
2026-02-06 13:30:00+00:00,2026-02-06 13:36:00+00:00,7,MEDIUM,SYS_1,DESF_TA__J2_VCA,7,0.7641011040813798,0.3672866770787131,0.2511141616103379,0.1509911638216195,ADAPTIVE
2026-02-06 13:30:00+00:00,2026-02-06 13:36:00+00:00,7,MEDIUM,SYS_1,DESF_TA__J2_V_AVG_LN,8,0.36623915057993145,0.20521946394078122,0.2511141616103379,0.1509911638216195,ADAPTIVE
2026-02-06 17:24:00+00:00,2026-02-06 17:31:00+00:00,8,MEDIUM,SYS_1,DESF_TA__J2_VCN,1,1.3204127187581651,0.9786012372837469,0.2504081358676684,0.17225161446788106,ADAPTIVE
2026-02-06 17:24:00+00:00,2026-02-06 17:31:00+00:00,8,MEDIUM,SYS_1,DESF_TA__J2_VCA,2,1.3194369864688231,0.989303346417074,0.2504081358676684,0.17225161446788106,ADAPTIVE
2026-02-06 17:24:00+00:00,2026-02-06 17:31:00+00:00,8,MEDIUM,SYS_1,DESF_TA__J2_VAN,3,1.3191856332913587,0.6854195147269762,0.2504081358676684,0.17225161446788106,ADAPTIVE
2026-02-06 17:24:00+00:00,2026-02-06 17:31:00+00:00,8,MEDIUM,SYS_1,DESF_TA__J2_V_AVG_LL,4,1.2505548201614962,0.833479273293034,0.2504081358676684,0.17225161446788106,ADAPTIVE
2026-02-06 17:24:00+00:00,2026-02-06 17:31:00+00:00,8,MEDIUM,SYS_1,DESF_TA__J2_V_AVG_LN,5,1.0041361150577093,0.5810878345321806,0.2504081358676684,0.17225161446788106,ADAPTIVE
2026-02-06 17:24:00+00:00,2026-02-06 17:31:00+00:00,8,MEDIUM,SYS_1,DESF_TA__J2_VBC,6,0.9698410333366425,0.7706554066386446,0.2504081358676684,0.17225161446788106,ADAPTIVE
2026-02-06 17:24:00+00:00,2026-02-06 17:31:00+00:00,8,MEDIUM,SYS_1,DESF_TA__J2_VAB,7,0.7827364068442566,0.5242294383180056,0.2504081358676684,0.17225161446788106,ADAPTIVE
2026-02-06 17:24:00+00:00,2026-02-06 17:31:00+00:00,8,MEDIUM,SYS_1,DESF_TA__J2_VBN,8,0.7639429356332397,0.5321945400004896,0.2504081358676684,0.17225161446788106,ADAPTIVE
2026-02-06 18:14:00+00:00,2026-02-06 18:32:00+00:00,19,MEDIUM,SYS_1,DESF_TA__J2_V_AVG_LL,1,2.877041560705991,1.3718669893256545,0.4803457381658556,0.26258825366063376,ADAPTIVE
2026-02-06 18:14:00+00:00,2026-02-06 18:32:00+00:00,19,MEDIUM,SYS_1,DESF_TA__J2_VCA,2,2.6536298428208456,1.2155919067132077,0.4803457381658556,0.26258825366063376,ADAPTIVE
2026-02-06 18:14:00+00:00,2026-02-06 18:32:00+00:00,19,MEDIUM,SYS_1,DESF_TA__J2_V_AVG_LN,3,2.196608864846325,0.8448001455882536,0.4803457381658556,0.26258825366063376,ADAPTIVE
2026-02-06 18:14:00+00:00,2026-02-06 18:32:00+00:00,19,MEDIUM,SYS_1,DESF_TA__J2_VAN,4,2.1438664311445734,1.1514107058235368,0.4803457381658556,0.26258825366063376,ADAPTIVE
2026-02-06 18:14:00+00:00,2026-02-06 18:32:00+00:00,19,MEDIUM,SYS_1,DESF_TA__J2_VBC,5,1.9943045389663592,1.055121267962098,0.4803457381658556,0.26258825366063376,ADAPTIVE
2026-02-06 18:14:00+00:00,2026-02-06 18:32:00+00:00,19,MEDIUM,SYS_1,DESF_TA__J2_VCN,6,1.9147331953499331,1.0507250970409594,0.4803457381658556,0.26258825366063376,ADAPTIVE
2026-02-06 18:14:00+00:00,2026-02-06 18:32:00+00:00,19,MEDIUM,SYS_1,DESF_TA__J2_VAB,7,1.7410236385503814,1.0280245538773285,0.4803457381658556,0.26258825366063376,ADAPTIVE
2026-02-06 18:14:00+00:00,2026-02-06 18:32:00+00:00,19,MEDIUM,SYS_1,DESF_TA__J2_VBN,8,1.6303126360119335,0.9702190244937356,0.4803457381658556,0.26258825366063376,ADAPTIVE
2026-02-07 05:17:00+00:00,2026-02-07 05:22:00+00:00,6,MEDIUM,SYS_1,DESF_TA__J2_V_AVG_LL,1,2.1763457937725974,0.8966585742955958,0.4159218023875093,0.15983563663702127,ADAPTIVE
2026-02-07 05:17:00+00:00,2026-02-07 05:22:00+00:00,6,MEDIUM,SYS_1,DESF_TA__J2_VBC,2,1.9562359752428278,0.9679380264606436,0.4159218023875093,0.15983563663702127,ADAPTIVE
2026-02-07 05:17:00+00:00,2026-02-07 05:22:00+00:00,6,MEDIUM,SYS_1,DESF_TA__J2_VCN,3,1.8664570591207037,0.9181229138119619,0.4159218023875093,0.15983563663702127,ADAPTIVE
2026-02-07 05:17:00+00:00,2026-02-07 05:22:00+00:00,6,MEDIUM,SYS_1,DESF_TA__J2_VAB,4,1.8486314651977729,0.5882720792462355,0.4159218023875093,0.15983563663702127,ADAPTIVE
2026-02-07 05:17:00+00:00,2026-02-07 05:22:00+00:00,6,MEDIUM,SYS_1,DESF_TA__J2_VBN,5,1.7418458841500701,0.8484801561420944,0.4159218023875093,0.15983563663702127,ADAPTIVE
2026-02-07 05:17:00+00:00,2026-02-07 05:22:00+00:00,6,MEDIUM,SYS_1,DESF_TA__J2_VAN,6,1.4921837084917906,0.40433139786188277,0.4159218023875093,0.15983563663702127,ADAPTIVE
2026-02-07 05:17:00+00:00,2026-02-07 05:22:00+00:00,6,MEDIUM,SYS_1,DESF_TA__J2_V_AVG_LN,7,1.3104615073732218,0.37240792310093246,0.4159218023875093,0.15983563663702127,ADAPTIVE
2026-02-07 05:17:00+00:00,2026-02-07 05:22:00+00:00,6,MEDIUM,SYS_1,DESF_TA__J2_VCA,8,1.0359591003160178,0.5149151814163533,0.4159218023875093,0.15983563663702127,ADAPTIVE
2026-02-07 08:06:00+00:00,2026-02-07 08:11:00+00:00,6,MEDIUM,SYS_1,DESF_TA__J2_V_AVG_LL,1,1.213788632943562,0.7422999694614942,0.2571169017451704,0.15151022075502052,ADAPTIVE
2026-02-07 08:06:00+00:00,2026-02-07 08:11:00+00:00,6,MEDIUM,SYS_1,DESF_TA__J2_VAB,2,1.202242841679114,0.5283860746409089,0.2571169017451704,0.15151022075502052,ADAPTIVE
2026-02-07 08:06:00+00:00,2026-02-07 08:11:00+00:00,6,MEDIUM,SYS_1,DESF_TA__J2_VAN,3,1.1827484943911555,0.5816153884372484,0.2571169017451704,0.15151022075502052,ADAPTIVE
2026-02-07 08:06:00+00:00,2026-02-07 08:11:00+00:00,6,MEDIUM,SYS_1,DESF_TA__J2_VCN,4,1.1210415025243736,0.8434127413551497,0.2571169017451704,0.15151022075502052,ADAPTIVE
2026-02-07 08:06:00+00:00,2026-02-07 08:11:00+00:00,6,MEDIUM,SYS_1,DESF_TA__J2_VBC,5,1.1093581241249073,0.8265651571101434,0.2571169017451704,0.15151022075502052,ADAPTIVE
2026-02-07 08:06:00+00:00,2026-02-07 08:11:00+00:00,6,MEDIUM,SYS_1,DESF_TA__J2_VCA,6,0.9961582963848565,0.7357846644931794,0.2571169017451704,0.15151022075502052,ADAPTIVE
2026-02-07 08:06:00+00:00,2026-02-07 08:11:00+00:00,6,MEDIUM,SYS_1,DESF_TA__J2_VBN,7,0.9174315905274953,0.683216227707968,0.2571169017451704,0.15151022075502052,ADAPTIVE
2026-02-07 08:06:00+00:00,2026-02-07 08:11:00+00:00,6,MEDIUM,SYS_1,DESF_TA__J2_V_AVG_LN,8,0.7758414317815692,0.3124628573315198,0.2571169017451704,0.15151022075502052,ADAPTIVE
2026-02-07 10:45:00+00:00,2026-02-07 10:58:00+00:00,14,MEDIUM,SYS_1,DESF_TA__J2_V_AVG_LL,1,1.9483381121676238,1.2967866363162592,0.33443790183073563,0.24131156174048998,ADAPTIVE
2026-02-07 10:45:00+00:00,2026-02-07 10:58:00+00:00,14,MEDIUM,SYS_1,DESF_TA__J2_VCN,2,1.8203449193020143,1.2428351808298481,0.33443790183073563,0.24131156174048998,ADAPTIVE
2026-02-07 10:45:00+00:00,2026-02-07 10:58:00+00:00,14,MEDIUM,SYS_1,DESF_TA__J2_VCA,3,1.6912124062633673,1.1259847814551476,0.33443790183073563,0.24131156174048998,ADAPTIVE
2026-02-07 10:45:00+00:00,2026-02-07 10:58:00+00:00,14,MEDIUM,SYS_1,DESF_TA__J2_VBC,4,1.593203488417597,1.1347679067934757,0.33443790183073563,0.24131156174048998,ADAPTIVE
2026-02-07 10:45:00+00:00,2026-02-07 10:58:00+00:00,14,MEDIUM,SYS_1,DESF_TA__J2_VAN,5,1.5646620250244225,0.8681218795346197,0.33443790183073563,0.24131156174048998,ADAPTIVE
2026-02-07 10:45:00+00:00,2026-02-07 10:58:00+00:00,14,MEDIUM,SYS_1,DESF_TA__J2_VAB,6,1.453343289122439,0.8380528955237025,0.33443790183073563,0.24131156174048998,ADAPTIVE
2026-02-07 10:45:00+00:00,2026-02-07 10:58:00+00:00,14,MEDIUM,SYS_1,DESF_TA__J2_VBN,7,1.2820342346910034,0.8943646396498347,0.33443790183073563,0.24131156174048998,ADAPTIVE
2026-02-07 10:45:00+00:00,2026-02-07 10:58:00+00:00,14,MEDIUM,SYS_1,DESF_TA__J2_V_AVG_LN,8,1.06980329562146,0.6290693269508496,0.33443790183073563,0.24131156174048998,ADAPTIVE
2026-02-07 11:15:00+00:00,2026-02-07 11:22:00+00:00,8,MEDIUM,SYS_1,DESF_TA__J2_V_AVG_LL,1,1.940377631744154,1.1824873629056647,0.36724978872048314,0.21222750975478738,ADAPTIVE
2026-02-07 11:15:00+00:00,2026-02-07 11:22:00+00:00,8,MEDIUM,SYS_1,DESF_TA__J2_VBC,2,1.8320592479749702,1.212622238901158,0.36724978872048314,0.21222750975478738,ADAPTIVE
2026-02-07 11:15:00+00:00,2026-02-07 11:22:00+00:00,8,MEDIUM,SYS_1,DESF_TA__J2_VCN,3,1.7811889313685358,1.0917583907714308,0.36724978872048314,0.21222750975478738,ADAPTIVE
2026-02-07 11:15:00+00:00,2026-02-07 11:22:00+00:00,8,MEDIUM,SYS_1,DESF_TA__J2_VBN,4,1.6915823323023131,1.0126274852155701,0.36724978872048314,0.21222750975478738,ADAPTIVE
2026-02-07 11:15:00+00:00,2026-02-07 11:22:00+00:00,8,MEDIUM,SYS_1,DESF_TA__J2_VCA,5,1.4534589983181179,0.807935454449294,0.36724978872048314,0.21222750975478738,ADAPTIVE
2026-02-07 11:15:00+00:00,2026-02-07 11:22:00+00:00,8,MEDIUM,SYS_1,DESF_TA__J2_V_AVG_LN,6,1.233273309376504,0.645044453816682,0.36724978872048314,0.21222750975478738,ADAPTIVE
2026-02-07 11:15:00+00:00,2026-02-07 11:22:00+00:00,8,MEDIUM,SYS_1,DESF_TA__J2_VAB,7,1.219726101164692,0.6161343865385601,0.36724978872048314,0.21222750975478738,ADAPTIVE
2026-02-07 11:15:00+00:00,2026-02-07 11:22:00+00:00,8,MEDIUM,SYS_1,DESF_TA__J2_VAN,8,1.1623791594312656,0.5622297373833918,0.36724978872048314,0.21222750975478738,ADAPTIVE
2026-02-07 16:51:00+00:00,2026-02-07 17:03:00+00:00,13,MEDIUM,SYS_1,DESF_TA__J2_VBC,1,2.6639628712701695,1.6619339207901143,0.39525881355584896,0.1767093969412897,ADAPTIVE
2026-02-07 16:51:00+00:00,2026-02-07 17:03:00+00:00,13,MEDIUM,SYS_1,DESF_TA__J2_V_AVG_LL,2,2.3524819027125385,0.7977664325571164,0.39525881355584896,0.1767093969412897,ADAPTIVE
2026-02-07 16:51:00+00:00,2026-02-07 17:03:00+00:00,13,MEDIUM,SYS_1,DESF_TA__J2_VBN,3,2.1412764141401386,1.1002311474858002,0.39525881355584896,0.1767093969412897,ADAPTIVE
2026-02-07 16:51:00+00:00,2026-02-07 17:03:00+00:00,13,MEDIUM,SYS_1,DESF_TA__J2_VCN,4,1.862452473602706,1.027370077679933,0.39525881355584896,0.1767093969412897,ADAPTIVE
2026-02-07 16:51:00+00:00,2026-02-07 17:03:00+00:00,13,MEDIUM,SYS_1,DESF_TA__J2_V_AVG_LN,5,1.381274917596651,0.4610140783135428,0.39525881355584896,0.1767093969412897,ADAPTIVE
2026-02-07 16:51:00+00:00,2026-02-07 17:03:00+00:00,13,MEDIUM,SYS_1,DESF_TA__J2_VAB,6,0.9934981721549752,0.323204057567285,0.39525881355584896,0.1767093969412897,ADAPTIVE
2026-02-07 16:51:00+00:00,2026-02-07 17:03:00+00:00,13,MEDIUM,SYS_1,DESF_TA__J2_VCA,7,0.9917161334562203,0.25328892839779055,0.39525881355584896,0.1767093969412897,ADAPTIVE
2026-02-07 16:51:00+00:00,2026-02-07 17:03:00+00:00,13,MEDIUM,SYS_1,DESF_TA__J2_VAN,8,0.65306258140226,0.40797586768143534,0.39525881355584896,0.1767093969412897,ADAPTIVE
2026-02-01 07:28:00+00:00,2026-02-01 07:38:00+00:00,11,MEDIUM,SYS_3,DESF_TA__KVAR_C,1,1.773316064047301,1.098480779124792,0.020338349335871204,0.012591593720101628,ADAPTIVE
2026-02-01 07:28:00+00:00,2026-02-01 07:38:00+00:00,11,MEDIUM,SYS_3,DESF_TA__KVAR_A,2,0.3620488024605599,0.2000960557327591,0.020338349335871204,0.012591593720101628,ADAPTIVE
2026-02-01 07:28:00+00:00,2026-02-01 07:38:00+00:00,11,MEDIUM,SYS_3,DESF_TA__KVAR_B,3,0.1539697561893731,0.10501659356235353,0.020338349335871204,0.012591593720101628,ADAPTIVE
2026-02-01 07:28:00+00:00,2026-02-01 07:38:00+00:00,11,MEDIUM,SYS_3,DESF_TA__KVAR_TOT,4,0.0836520931647368,0.06481809804271833,0.020338349335871204,0.012591593720101628,ADAPTIVE
2026-02-01 15:16:00+00:00,2026-02-01 15:24:00+00:00,9,MEDIUM,SYS_3,DESF_TA__KVAR_C,1,1.5982559757508683,1.4054289830409743,0.019392728498323464,0.017457631191042145,ADAPTIVE
2026-02-01 15:16:00+00:00,2026-02-01 15:24:00+00:00,9,MEDIUM,SYS_3,DESF_TA__KVAR_A,2,0.49739427704182676,0.42993173830148046,0.019392728498323464,0.017457631191042145,ADAPTIVE
2026-02-01 15:16:00+00:00,2026-02-01 15:24:00+00:00,9,MEDIUM,SYS_3,DESF_TA__KVAR_B,3,0.13143956159575956,0.10640086329389335,0.019392728498323464,0.017457631191042145,ADAPTIVE
2026-02-01 15:16:00+00:00,2026-02-01 15:24:00+00:00,9,MEDIUM,SYS_3,DESF_TA__KVAR_TOT,4,0.10983203619586066,0.08586208192338513,0.019392728498323464,0.017457631191042145,ADAPTIVE
2026-02-03 06:52:00+00:00,2026-02-03 07:01:00+00:00,10,MEDIUM,SYS_3,DESF_TA__KVAR_C,1,1.6503425464640864,1.0149112599726537,0.018746904711544807,0.013136330153324606,ADAPTIVE
2026-02-03 06:52:00+00:00,2026-02-03 07:01:00+00:00,10,MEDIUM,SYS_3,DESF_TA__KVAR_A,2,0.34658847109751456,0.23573160515804825,0.018746904711544807,0.013136330153324606,ADAPTIVE
2026-02-03 06:52:00+00:00,2026-02-03 07:01:00+00:00,10,MEDIUM,SYS_3,DESF_TA__KVAR_B,3,0.2780172985562792,0.20670052130752875,0.018746904711544807,0.013136330153324606,ADAPTIVE
2026-02-03 06:52:00+00:00,2026-02-03 07:01:00+00:00,10,MEDIUM,SYS_3,DESF_TA__KVAR_TOT,4,0.08550620753625746,0.07367004731151601,0.018746904711544807,0.013136330153324606,ADAPTIVE
2026-02-04 15:19:00+00:00,2026-02-04 15:27:00+00:00,9,MEDIUM,SYS_3,DESF_TA__KVAR_C,1,1.3604712266938084,0.748950791984551,0.01809135904433937,0.01080718755280813,ADAPTIVE
2026-02-04 15:19:00+00:00,2026-02-04 15:27:00+00:00,9,MEDIUM,SYS_3,DESF_TA__KVAR_A,2,0.49323786851268075,0.30362340659803383,0.01809135904433937,0.01080718755280813,ADAPTIVE
2026-02-04 15:19:00+00:00,2026-02-04 15:27:00+00:00,9,MEDIUM,SYS_3,DESF_TA__KVAR_B,3,0.21015564250429103,0.14119005952704847,0.01809135904433937,0.01080718755280813,ADAPTIVE
2026-02-04 15:19:00+00:00,2026-02-04 15:27:00+00:00,9,MEDIUM,SYS_3,DESF_TA__KVAR_TOT,4,0.16019951023898657,0.06958070288286997,0.01809135904433937,0.01080718755280813,ADAPTIVE
2026-02-05 05:14:00+00:00,2026-02-05 05:24:00+00:00,11,MEDIUM,SYS_3,DESF_TA__KVAR_C,1,1.584923622352125,1.4964675925850082,0.01821904605416125,0.017183440808357268,ADAPTIVE
2026-02-05 05:14:00+00:00,2026-02-05 05:24:00+00:00,11,MEDIUM,SYS_3,DESF_TA__KVAR_A,2,0.4641940389863223,0.41445300373664684,0.01821904605416125,0.017183440808357268,ADAPTIVE
2026-02-05 05:14:00+00:00,2026-02-05 05:24:00+00:00,11,MEDIUM,SYS_3,DESF_TA__KVAR_B,3,0.08895723438329724,0.03732108180310274,0.01821904605416125,0.017183440808357268,ADAPTIVE
2026-02-05 05:14:00+00:00,2026-02-05 05:24:00+00:00,11,MEDIUM,SYS_3,DESF_TA__KVAR_TOT,4,0.06433063480955306,0.047871628802331624,0.01821904605416125,0.017183440808357268,ADAPTIVE
2026-02-05 08:32:00+00:00,2026-02-05 08:39:00+00:00,8,MEDIUM,SYS_3,DESF_TA__KVAR_C,1,2.068071005652472,1.234002787565453,0.024320124385873672,0.01472024950151125,ADAPTIVE
2026-02-05 08:32:00+00:00,2026-02-05 08:39:00+00:00,8,MEDIUM,SYS_3,DESF_TA__KVAR_A,2,0.5704068224266117,0.23889530046639995,0.024320124385873672,0.01472024950151125,ADAPTIVE
2026-02-05 08:32:00+00:00,2026-02-05 08:39:00+00:00,8,MEDIUM,SYS_3,DESF_TA__KVAR_B,3,0.2572265231973209,0.2070181634908182,0.024320124385873672,0.01472024950151125,ADAPTIVE
2026-02-05 08:32:00+00:00,2026-02-05 08:39:00+00:00,8,MEDIUM,SYS_3,DESF_TA__KVAR_TOT,4,0.09108893921410648,0.03312350934236482,0.024320124385873672,0.01472024950151125,ADAPTIVE
2026-02-06 06:43:00+00:00,2026-02-06 06:50:00+00:00,8,MEDIUM,SYS_3,DESF_TA__KVAR_C,1,1.9970630344683127,1.1936485804127863,0.02330613575331404,0.014792221937149273,ADAPTIVE
2026-02-06 06:43:00+00:00,2026-02-06 06:50:00+00:00,8,MEDIUM,SYS_3,DESF_TA__KVAR_A,2,0.5133130386377932,0.2816596760154831,0.02330613575331404,0.014792221937149273,ADAPTIVE
2026-02-06 06:43:00+00:00,2026-02-06 06:50:00+00:00,8,MEDIUM,SYS_3,DESF_TA__KVAR_B,3,0.2746655400669131,0.21279596081014562,0.02330613575331404,0.014792221937149273,ADAPTIVE
2026-02-06 06:43:00+00:00,2026-02-06 06:50:00+00:00,8,MEDIUM,SYS_3,DESF_TA__KVAR_TOT,4,0.05598625089702197,0.033206721150734864,0.02330613575331404,0.014792221937149273,ADAPTIVE
2026-02-06 08:17:00+00:00,2026-02-06 08:27:00+00:00,11,MEDIUM,SYS_3,DESF_TA__KVAR_C,1,2.336420714857065,1.6253649065947569,0.02754951156551137,0.019021439210269147,ADAPTIVE
2026-02-06 08:17:00+00:00,2026-02-06 08:27:00+00:00,11,MEDIUM,SYS_3,DESF_TA__KVAR_A,2,0.6909373145425417,0.40416105112872974,0.02754951156551137,0.019021439210269147,ADAPTIVE
2026-02-06 08:17:00+00:00,2026-02-06 08:27:00+00:00,11,MEDIUM,SYS_3,DESF_TA__KVAR_B,3,0.23108340373808658,0.1573774269080004,0.02754951156551137,0.019021439210269147,ADAPTIVE
2026-02-06 08:17:00+00:00,2026-02-06 08:27:00+00:00,11,MEDIUM,SYS_3,DESF_TA__KVAR_TOT,4,0.05118644034585503,0.020435385717598828,0.02754951156551137,0.019021439210269147,ADAPTIVE
2026-02-07 06:09:00+00:00,2026-02-07 06:15:00+00:00,7,MEDIUM,SYS_3,DESF_TA__KVAR_C,1,1.9176542561763308,0.960830176986955,0.022349430266485656,0.01168949504530864,ADAPTIVE
2026-02-07 06:09:00+00:00,2026-02-07 06:15:00+00:00,7,MEDIUM,SYS_3,DESF_TA__KVAR_A,2,0.5792875029747555,0.2388645199085666,0.022349430266485656,0.01168949504530864,ADAPTIVE
2026-02-07 06:09:00+00:00,2026-02-07 06:15:00+00:00,7,MEDIUM,SYS_3,DESF_TA__KVAR_B,3,0.17440689840069545,0.12228726167121376,0.022349430266485656,0.01168949504530864,ADAPTIVE
2026-02-07 06:09:00+00:00,2026-02-07 06:15:00+00:00,7,MEDIUM,SYS_3,DESF_TA__KVAR_TOT,4,0.08390412002240416,0.04275906935937509,0.022349430266485656,0.01168949504530864,ADAPTIVE
